{
  "display": {
    "title": "Ox NFTs",
    "favicon": "favicon_asset",
    "navmapThumbnail": "scene-thumbnail.png"
  },
  "owner": "",
  "contact": {
    "name": "Phergyson",
    "email": ""
  },
  "main": "bin/game.js",
  "tags": [],
  "scene": {
    "parcels": [
      "0,0"
    ],
    "base": "0,0"
  },
  "communications": {
    "type": "webrtc",
    "signalling": "https://signalling-01.decentraland.org"
  },
  "policy": {
    "contentRating": "E",
    "fly": true,
    "voiceEnabled": true,
    "blacklist": [],
    "teleportPosition": ""
  },
  "source": {
    "version": 1,
    "origin": "builder",
    "projectId": "8aa2f435-294e-431b-b5ce-21505e053345",
    "point": {
      "x": 0,
      "y": 0
    },
    "rotation": "east",
    "layout": {
      "rows": 1,
      "cols": 1
    }
  }
}